id,name,type,description
a50ca07c-1c20-54ba-ba56-2179b5c2af5e,Toxina Botulínica,medical,"Tratamientos con botox: Bocouture, Azzalure, Vistabell"
4e555bf0-98ed-50db-8ea7-25af39ba9f9d,Ácido Hialurónico,medical,"Rellenos: RHA, DUO, Aliaxin, Kiss, Maili"
6e32131b-f648-5c2e-a215-a035cfff5b21,Bioestimuladores,medical,"Profhilo, Radiesse, Lenisna"
24dc2943-e4c6-5f7f-b1f6-08f6e4449032,Mesoterapia,medical,"ACP, PRP, Purasomes"
cf11047c-f4f2-5971-ade6-aac75a53227a,Corporal Médico,medical,"Adipozon, tratamientos lipolíticos"
78d74714-4db4-5a8d-a86c-8d00e5ca2ab2,Cirugía Menor,medical,"Blefaroplastia, Nanofat, Lipofilling"
9ece853f-b042-5792-baee-69f93c7fc832,Aparatología Facial,aesthetic,"Morpheus8, Dermapen, Plexr"
48aeab11-388f-5880-aea9-d65dc38386d3,Aparatología Corporal,aesthetic,"Bodytite, Forma, tratamientos reafirmantes"
bcfea4fc-6b23-5c4f-834b-dd29ed50516a,Cosmética,cosmetic,"Productos de venta: cremas, protectores"
